-- phpMyAdmin SQL Dump
-- version 4.8.5
-- https://www.phpmyadmin.net/
--
-- Хост: 127.0.0.1:3306
-- Время создания: Май 02 2019 г., 13:10
-- Версия сервера: 8.0.15
-- Версия PHP: 7.2.10

SET SQL_MODE = "NO_AUTO_VALUE_ON_ZERO";
SET AUTOCOMMIT = 0;
START TRANSACTION;
SET time_zone = "+00:00";


/*!40101 SET @OLD_CHARACTER_SET_CLIENT=@@CHARACTER_SET_CLIENT */;
/*!40101 SET @OLD_CHARACTER_SET_RESULTS=@@CHARACTER_SET_RESULTS */;
/*!40101 SET @OLD_COLLATION_CONNECTION=@@COLLATION_CONNECTION */;
/*!40101 SET NAMES utf8mb4 */;

--
-- База данных: `phpshop`
--

-- --------------------------------------------------------

--
-- Структура таблицы `category`
--

CREATE TABLE `category` (
  `id` int(11) NOT NULL,
  `name` varchar(255) NOT NULL,
  `sort_order` int(11) NOT NULL DEFAULT '0',
  `status` int(11) NOT NULL DEFAULT '1'
) ENGINE=InnoDB DEFAULT CHARSET=utf8;

--
-- Дамп данных таблицы `category`
--

INSERT INTO `category` (`id`, `name`, `sort_order`, `status`) VALUES
(13, 'Спреи', 1, 1),
(14, 'Гормоны', 2, 1),
(15, 'Антибиотики', 3, 1),
(16, 'Антигельминтики', 4, 1),
(17, 'Гепатопротекторы', 5, 1);

-- --------------------------------------------------------

--
-- Структура таблицы `product`
--

CREATE TABLE `product` (
  `id` int(11) NOT NULL,
  `name` varchar(255) NOT NULL,
  `category_id` int(11) NOT NULL,
  `code` int(11) NOT NULL,
  `price` float NOT NULL,
  `availability` int(11) NOT NULL,
  `brand` varchar(255) NOT NULL,
  `description` text NOT NULL,
  `is_new` int(11) NOT NULL DEFAULT '0',
  `is_topsale` int(11) DEFAULT NULL,
  `status` int(11) NOT NULL DEFAULT '1'
) ENGINE=InnoDB DEFAULT CHARSET=utf8;

--
-- Дамп данных таблицы `product`
--

INSERT INTO `product` (`id`, `name`, `category_id`, `code`, `price`, `availability`, `brand`, `description`, `is_new`, `is_topsale`, `status`) VALUES
(34, 'АПОДЕРМ СПРЕЙ', 13, 1839707, 8, 1, '«Laboratorios Ovejero S.A.»', 'АПОДЕРМ СПРЕЙ применяют сельскохозяйственным и мелким домашним животным при различных поражениях кожи, таких как ссадины, дерматиты, экземы, медленно заживающие раны, а также при заболеваниях когтей и копыт (в том числе при нагноении роговой стрелки), межпальцевых инфекциях, язвах.\r\n\r\nСОСТАВ СПРЕЯ АПОДЕРМ\r\n\r\n100 мл раствора содержит:\r\n• хлортетрациклина гидрохлорид – 2,15 г (эквивалентно 2 г хлортетрациклина)\r\n• хлорида магния - 4,0 г\r\n• этанола 96% до 100 мл\r\n• красителя Е131 (синий) - 0,2 г', 0, 1, 1),
(35, 'Террамицин', 13, 2343847, 7, 0, 'Zoetis Inc.', 'Спрей для местного применения.\r\n    Широкий спектр антимикробного действия\r\n    Пролонгированное действие до 7 дней\r\n    Предназначен для КРС, свиней, собак, кошек, кроликов.\r\n    Удобный в использовании баллончик – можно использовать в прямом и перевернутом положении\r\n\r\n.\r\nДействует на такие микроорганизмы, как: E. coli, Salmonella choleraesuis, Pasteurella multocida, Leptospira ponoma, Bacillus polymyx, Pseudomonas aeruginosa.\r\nТеррамицин Аэрозоль Спрей предназначен для местного лечения кожных заболеваний, вызванных бактериями, чувствительными к окситетрациклину, копытной гнили, и др. В случаях глубоких инфицированных ран местное лечение рекомендуется совмещать с комплексной терапией.\r\nРекомендуемый для лечения:\r\n\r\n    ран травматического происхождения,\r\n    хирургических ран,\r\n    бактериальных инфекций, которые сопровождают паразитарные дерматиты,\r\n    заболеваний кожи.\r\n\r\n', 0, 0, 1),
(36, 'Сурфагон', 14, 2028027, 0.6, 1, 'ЗАО «Мосагроген»', 'Сурфагон относится к группе: гормональные средства, их аналоги и антагонисты.\r\nСурфагон является синтетическим аналогом гонадотропин-рилизинг гормона (ГнРГ) - люлиберина. Конкурентно связывается с рецепторами клеток передней доли гипофиза, вызывая, как и другие аналоги ГнРГ, кратковременное повышение уровня половых гормонов в крови. Повышенное содержание гонадотропинов в крови сохраняется в течение 3-4 часов после введения, затем содержание быстро падает. Период полураспада сурфагона такой же, как и у природного люлиберина. В течение этого времени пептид распадается на аминокислоты и выводится из организма.\r\n\r\nСурфагон по степени воздействия на организм относятся к умеренно опасным веществам (3 класс опасности ГОСТ 12.1.007-76).', 0, 1, 1),
(37, 'ПГ-600 (PG-600)', 14, 2019487, 5.58, 1, 'Intervet', 'Комбинированный гормональный препарат, содержащий сывороточный (PMSG) и хорионический гонадотропины (hCG). Сывороточный гонадотропин стимулирует развитие фолликулов, а хорионический способствует овуляции и образованию желтого тела. Комбинация этих гормонов способствует развитию полноценных половых циклов у свиней.', 0, 0, 1),
(38, 'Драксин', 15, 1953212, 200, 1, 'Zoetis Inc.', 'Антибактериальный препарат группы макролидов. Тулатромицин, действующее вещество препарата, обладает широким спектром действия. Активен в отношении многих грамположительных и грамотрицательных микроорганизмов, в т.ч. в отношении Mannheimia (Pasteurella) haemolytica, Pasteurella multocida, Haemophilus somnus, Haemophilus parasuis, Mycoplasma bovis, Mycoplasma hyopneumonia, Actinobacillus pleuropneumoniae, Moraxella bovis, Neisseria spp.\r\n\r\nМеханизм бактериостатического действия тулатромицина основан на подавлении белкового синтеза на рибосомальном уровне.\r\n\r\nТулатромицин быстро всасывается из места инъекции, достигая максимальной концентрации в плазме крови через 30 мин после введения, и медленно выводится из организма. Препарат накапливается в нейтрофилах и альвеолярных макрофагах, в результате чего достигается повышенная концентрация тулатромицина в тканях легких. Период полувыведения тулатромицина составляет около 90 ч. Препарат выводится почками в неизменном виде.', 0, 0, 1),
(39, 'Байтрил 10% 100 мл', 15, 1602042, 7, 0, 'Bayer AG', 'Бактериальные инфекции органов дыхания, желудочно-кишечного тракта (пастеррелез, эшерихиоз, микоплазмоз), мочеполовой системы. Септицемия, стрептококкоз, сальмонеллез, колибактериоз, бактериальная и энзоотическая пневмония, атрофический ринит, а также другие болезни, возбудители которых чувствительны к энрофлоксацину у телят и свиней.', 0, 1, 1),
(40, 'НАКСЕЛ', 15, 2028367, 120, 1, 'Zoetis Inc.', 'Антибактериальный препарат группы цефалоспоринов III поколения.\r\n\r\nЦефтиофур, действующее вещество препарата, обладает широким спектром антибактериальной активности в отношении грамотрицательных и грамположительных микроорганизмов, в т.ч. штаммов, продуцирующих β-лактамазу и некоторых анаэробных бактерий: Escherichia coli, Pasteurella (Mannheimia) haemolytica, Pasteurella multocida, Haemophilus somnus, Actinobacillus pleuropneumoniae, Haemophilus parasuis, Salmonella choleraеsuis, Streptococcus suis, Streptococcus zooepidemicus, Streptococcus equi, Streptococcus agalactiae, Streptococcus dysgalactiae, Streptococcus bovis, Pasteurella spp., Staphylococcus spp., Actinomyces pyogenes, Salmonella typhimurium, Klebsiella spp., Citrobacter spp., Enterobacter spp., Bacillus spp., Proteus spp., Fusobacterium necrophorum и Porphyromonas assacharolytica (Bacteroides melaninogenicus).\r\n\r\nМеханизм антибактериального действия цефтиофура заключается в подавлении функциональной активности бактериальных ферментов транспептидаз, участвующих в связывании основного компонента клеточной стенки микроорганизмов - пептидогликана, что приводит к гибели бактерий.\r\n\r\nЦефтиофур после в/м введения подвергается метаболизму с образованием десфуроилцефтиофура, который обладает эквивалентной цефтиофуру активностью в отношении микроорганизмов. Этот активный метаболит обратимо связывается с белками плазмы и концентрируется в очаге инфекции. Максимальная концентрация цефтиофура в плазме крови наблюдается через 22 ч после введения препарата и сохраняется не менее 7 сут. Выделение цефтиофура из организма животных происходит главным образом с мочой (около 60%) и с фекалиями (около 15%) в течение 10 сут после введения.', 0, 0, 1),
(41, 'Энроксил 10% 100 мл', 15, 1129365, 6, 1, 'КРКА', 'Энроксил® 10% раствор для инъекций относится к антибактериальным препаратам группы фторхинолонов.\r\n\r\nЭнрофлоксацин, входящий в состав лекарственного препарата, обладает широким спектрам антибактериального и антимикоплазменного действия. Активен в отношении грамположительных и грамотрицательных микроорганизмов, таких как E. coli, Salmonella spp., Pasteurella haemolytica, Pasteurella multocida, Staphylococcus aureus, Staphylococcus hyicus, Streptococcus spp., Klebsiella spp., Pseudomonas aeruginosa, Bordetella bronchiseptica, Campylobacter spp., Corynebacterium pyogenes, Proteus spp., Mycoplasma spp., Brucella canis, Actinobacillus spp., Listeria monocytogenes, Haemophilus spp., Clostridium perfingens и др.\r\n\r\nМеханизм действия энрофлоксацина заключается в ингибировании активности фермента гиразы, обеспечивающего репликацию спирали ДНК в ядре бактериальной клетки, что приводит к нарушению синтеза белка и гибели микроорганизма.\r\n\r\nПосле парентерального введения препарата энрофлоксацин хорошо всасывается с места инъекции и проникает во все органы и ткани организма. Его максимальная концентрация в крови достигается через 1,0-1,5 часа и удерживается на терапевтическом уровне на протяжении 24 часов. Выделяется энрофлоксацин из организма животных в основном в неизмененном виде с мочой и желчью.', 0, 1, 1),
(42, 'Ивернерм', 16, 1128670, 25, 1, 'ООО Биотрейд Лтд.', 'Фармакологические свойства: Ивермектин обладает широким спектром противопаразитарного действия. Он нарушает передачу нервных импульсов у паразитов, что приводит к их  параличу и гибели. Для теплокровных животных препарат токсичен. В терапевтической дозе не обладает эмбриотоксическими, тератогенными, мутагенными и кумулятивными свойствами.\r\n\r\nПрименение: Ивермектин применяют крупному рогатому скоту и овцам: при диктиокаулезе, остертагиозе, гемонхозе, трихостронгилезе, коопериозе, хабертиозе, протостронгилезе, эзофагостомозе, нематодирозе, буностомозе, стронгилоидозе, трихоцефалезе; свиньям: при аскаридозе, эзофагостомозе, трихоцефалезе, метастронгилезе, стронгилоидозе.', 1, 0, 1),
(43, 'Фенбимин', 16, 683364, 14, 1, 'ООО Биотрейд Лтд.', 'Для профілактики і лікування при наступних гельмінтозних захворюваннях ВРХ, овець, кіз, свиней та свійської птиці:\r\n‒	шлунково-кишкові гельмінтози: гемонхоз, нематодироз, хабертіоз, буностомоз, езофагостомоз, остертагіоз, трихоцефальоз, стронгілоїдоз, неоаскаридоз, аскаридоз, токсокароз,анкілостомоз,унцинаріоз,оксиуроз, деляфондиоз, альфортиоз, трихонематоз;\r\n‒	легеневі гельмінтози: диктиокаульоз, протостронгільоз, мюлеріоз, метастронгілоз, пренозомоз;\r\n‒	цестози: монієзіоз, тизанієдиоз, авітеліноз, дипілідиоз, аноплоцефалідоз.', 1, 0, 1),
(44, 'Гепамин', 17, 355025, 10, 1, 'ООО Биотрейд Лтд.', 'Комбінована кормова добавка-гепатопротектор, яка призначена для профілактики та лікування захворювань корів на кетоз, субклінічний ацидоз; поповнення раціону тварин вітамінами; підвищення загальної резистентності організму; стимуляції обміну речовин при стресах під час транспортування, при зміні раціону, вакцинації тощо, а також із метою пришвидшення росту та набору маси тіла при відгодівлі та підвищення продуктивності. Кормова добавка покращує показники конверсії корму завдяки стимуляції процесів травлення та підвищенню засвоєння поживних речовин. Компоненти добавки мають захисний вплив на гепатоцити, а також є корисними для розвитку клітин печінки.', 1, 0, 1),
(45, 'Гепамин Аква', 17, 1563832, 12, 1, 'ООО Биотрейд Лтд.', 'Комбінована кормова добавка-гепатопротектор, яка призначена для профілактики та лікування захворювань корів на кетоз, субклінічний ацидоз; поповнення раціону тварин вітамінами; підвищення загальної резистентності організму; стимуляції обміну речовин при стресах під час транспортування, при зміні раціону, вакцинації тощо, а також із метою пришвидшення росту та набору маси тіла при відгодівлі та підвищення продуктивності. Кормова добавка покращує показники конверсії корму завдяки стимуляції процесів травлення та підвищенню засвоєння поживних речовин. Компоненти добавки мають захисний вплив на гепатоцити, а також є корисними для розвитку клітин печінки.', 1, 0, 1);

-- --------------------------------------------------------

--
-- Структура таблицы `product_order`
--

CREATE TABLE `product_order` (
  `id` int(11) NOT NULL,
  `user_name` varchar(255) NOT NULL,
  `user_phone` varchar(255) NOT NULL,
  `user_comment` text NOT NULL,
  `user_id` int(11) DEFAULT NULL,
  `date` timestamp NOT NULL DEFAULT CURRENT_TIMESTAMP,
  `products` text NOT NULL,
  `status` int(11) NOT NULL DEFAULT '1'
) ENGINE=MyISAM DEFAULT CHARSET=utf8;

--
-- Дамп данных таблицы `product_order`
--

INSERT INTO `product_order` (`id`, `user_name`, `user_phone`, `user_comment`, `user_id`, `products`, `status`) VALUES
(45, 'fsdfsd', '1', '123123123', 4, '{\"1\":1,\"2\":1,\"3\":2}', 3),
(52, 'Yurii', '380971049696', 'test', 0, '{\"45\":\"3\"}', 1),
(47, 'Yurii', '380971049696', 'tomorrow', 0, '{\"45\":1,\"44\":1,\"43\":1}', 1),
(48, 'Yurii', '380971049696', 'tomorrow', 0, '{\"45\":1,\"44\":1,\"43\":1}', 1),
(49, 'Yurii', '380971049696', 'tomorrow', 0, '{\"42\":1,\"41\":1,\"40\":1}', 1),
(50, 'Yurii', '380971049696', 'tomorrow', 0, '{\"45\":1,\"42\":2,\"44\":1}', 1),
(51, 'Yurii', '380971049696', 'tomorrow', 0, '{\"44\":1,\"43\":2}', 1),
(53, 'Yurii', '380971049696', 'tomorrow', 0, '{\"44\":\"3\"}', 1),
(54, 'Yurii', '380971049696', 'html', 0, '{\"45\":\"30\"}', 1),
(55, 'Yurii', '380971049696', 'test', 0, '{\"44\":\"3\"}', 1),
(56, 'Yurii', '380971049696', 'test', 0, '{\"43\":\"3\"}', 1),
(57, 'Yurii', '380971049696', 'test', 0, '{\"43\":\"3\"}', 1),
(58, 'Yurii', '380971049696', 'test', 0, '{\"41\":\"3\"}', 1),
(59, 'Yurii', '380971049696', 'tomorrow', 0, '{\"44\":\"3\",\"41\":\"5\"}', 1),
(60, 'Yurii', '380971049696', 'date', 0, '{\"45\":\"3\",\"44\":\"3\"}', 1);

-- --------------------------------------------------------

--
-- Структура таблицы `user`
--

CREATE TABLE `user` (
  `id` int(11) NOT NULL,
  `name` varchar(255) NOT NULL,
  `email` varchar(255) NOT NULL,
  `password` varchar(255) NOT NULL,
  `role` varchar(50) NOT NULL
) ENGINE=InnoDB DEFAULT CHARSET=utf8;

--
-- Дамп данных таблицы `user`
--

INSERT INTO `user` (`id`, `name`, `email`, `password`, `role`) VALUES
(3, 'Александр', 'alex@mail.com', '111111', ''),
(4, 'Виктор Зинченко', 'zinchenko.us@gmail.com', '222222', 'admin'),
(5, 'Сергей', 'serg@mail.com', '111111', '');

--
-- Индексы сохранённых таблиц
--

--
-- Индексы таблицы `category`
--
ALTER TABLE `category`
  ADD PRIMARY KEY (`id`);

--
-- Индексы таблицы `product`
--
ALTER TABLE `product`
  ADD PRIMARY KEY (`id`);

--
-- Индексы таблицы `product_order`
--
ALTER TABLE `product_order`
  ADD PRIMARY KEY (`id`);

--
-- Индексы таблицы `user`
--
ALTER TABLE `user`
  ADD PRIMARY KEY (`id`);

--
-- AUTO_INCREMENT для сохранённых таблиц
--

--
-- AUTO_INCREMENT для таблицы `category`
--
ALTER TABLE `category`
  MODIFY `id` int(11) NOT NULL AUTO_INCREMENT, AUTO_INCREMENT=19;

--
-- AUTO_INCREMENT для таблицы `product`
--
ALTER TABLE `product`
  MODIFY `id` int(11) NOT NULL AUTO_INCREMENT, AUTO_INCREMENT=50;

--
-- AUTO_INCREMENT для таблицы `product_order`
--
ALTER TABLE `product_order`
  MODIFY `id` int(11) NOT NULL AUTO_INCREMENT, AUTO_INCREMENT=61;

--
-- AUTO_INCREMENT для таблицы `user`
--
ALTER TABLE `user`
  MODIFY `id` int(11) NOT NULL AUTO_INCREMENT, AUTO_INCREMENT=6;
COMMIT;

/*!40101 SET CHARACTER_SET_CLIENT=@OLD_CHARACTER_SET_CLIENT */;
/*!40101 SET CHARACTER_SET_RESULTS=@OLD_CHARACTER_SET_RESULTS */;
/*!40101 SET COLLATION_CONNECTION=@OLD_COLLATION_CONNECTION */;
